train_no,train_name,train_type,dispatch_priority,max_speed_kmph,acceleration_profile,scheduled_stop_count,avg_dwell_time_sec,direction,section_role,delay_sensitivity
T0001,T0001,Local,2,80,NORMAL,15,45,UP,THROUGH,MEDIUM
T0002,T0002,Local,2,80,NORMAL,15,45,DOWN,THROUGH,MEDIUM
T0003,T0003,Local,2,80,NORMAL,15,45,UP,THROUGH,MEDIUM
T0004,T0004,Local,2,80,NORMAL,15,45,UP,THROUGH,MEDIUM
T0005,T0005,Local,2,80,NORMAL,15,45,DOWN,THROUGH,MEDIUM
T0006,T0006,Local,2,80,NORMAL,15,45,DOWN,THROUGH,MEDIUM
T0007,T0007,MEMU,3,90,FAST,5,30,DOWN,THROUGH,MEDIUM
T0008,T0008,Local,2,80,NORMAL,15,45,DOWN,THROUGH,MEDIUM
T0009,T0009,Passenger,4,100,NORMAL,3,40,DOWN,THROUGH,HIGH
T0010,T0010,Local,2,80,NORMAL,15,45,DOWN,THROUGH,MEDIUM
T0011,T0011,Local,2,80,NORMAL,15,45,DOWN,THROUGH,MEDIUM
T0012,T0012,MEMU,3,90,FAST,5,30,UP,THROUGH,MEDIUM
T0013,T0013,Local,2,80,NORMAL,15,45,UP,THROUGH,MEDIUM
T0014,T0014,Local,2,80,NORMAL,15,45,UP,THROUGH,MEDIUM
T0015,T0015,Local,2,80,NORMAL,15,45,DOWN,THROUGH,MEDIUM
T0016,T0016,Express,5,120,FAST,1,30,UP,THROUGH,HIGH
T0017,T0017,Local,2,80,NORMAL,15,45,UP,THROUGH,MEDIUM
T0018,T0018,MEMU,3,90,FAST,5,30,DOWN,THROUGH,MEDIUM
T0019,T0019,Local,2,80,NORMAL,15,45,DOWN,THROUGH,MEDIUM
T0020,T0020,Local,2,80,NORMAL,15,45,UP,THROUGH,MEDIUM
T0021,T0021,MEMU,3,90,FAST,5,30,UP,THROUGH,MEDIUM
T0022,T0022,Local,2,80,NORMAL,15,45,DOWN,THROUGH,MEDIUM
T0023,T0023,Express,5,120,FAST,1,30,DOWN,THROUGH,HIGH
T0024,T0024,Local,2,80,NORMAL,15,45,DOWN,THROUGH,MEDIUM
T0025,T0025,Local,2,80,NORMAL,15,45,UP,THROUGH,MEDIUM
T0026,T0026,Local,2,80,NORMAL,15,45,DOWN,THROUGH,MEDIUM
T0027,T0027,Local,2,80,NORMAL,15,45,UP,THROUGH,MEDIUM
T0028,T0028,MEMU,3,90,FAST,5,30,DOWN,THROUGH,MEDIUM
T0029,T0029,Local,2,80,NORMAL,15,45,DOWN,THROUGH,MEDIUM
T0030,T0030,Local,2,80,NORMAL,15,45,DOWN,THROUGH,MEDIUM
T0031,T0031,MEMU,3,90,FAST,5,30,DOWN,THROUGH,MEDIUM
T0032,T0032,Local,2,80,NORMAL,15,45,DOWN,THROUGH,MEDIUM
T0033,T0033,Local,2,80,NORMAL,15,45,DOWN,THROUGH,MEDIUM
T0034,T0034,Local,2,80,NORMAL,15,45,DOWN,THROUGH,MEDIUM
T0035,T0035,Passenger,4,100,NORMAL,3,40,DOWN,THROUGH,HIGH
T0036,T0036,Local,2,80,NORMAL,15,45,DOWN,THROUGH,MEDIUM
T0037,T0037,Local,2,80,NORMAL,15,45,DOWN,THROUGH,MEDIUM
T0038,T0038,Local,2,80,NORMAL,15,45,DOWN,THROUGH,MEDIUM
T0039,T0039,Local,2,80,NORMAL,15,45,UP,THROUGH,MEDIUM
T0040,T0040,Express,5,120,FAST,1,30,UP,THROUGH,HIGH
T0041,T0041,Local,2,80,NORMAL,15,45,DOWN,THROUGH,MEDIUM
T0042,T0042,Local,2,80,NORMAL,15,45,DOWN,THROUGH,MEDIUM
T0043,T0043,Local,2,80,NORMAL,15,45,DOWN,THROUGH,MEDIUM
T0044,T0044,MEMU,3,90,FAST,5,30,UP,THROUGH,MEDIUM
T0045,T0045,Local,2,80,NORMAL,15,45,UP,THROUGH,MEDIUM
T0046,T0046,Local,2,80,NORMAL,15,45,UP,THROUGH,MEDIUM
T0047,T0047,Express,5,120,FAST,1,30,DOWN,THROUGH,HIGH
T0048,T0048,Local,2,80,NORMAL,15,45,DOWN,THROUGH,MEDIUM
T0049,T0049,Local,2,80,NORMAL,15,45,UP,THROUGH,MEDIUM
T0050,T0050,Local,2,80,NORMAL,15,45,DOWN,THROUGH,MEDIUM
T0051,T0051,MEMU,3,90,FAST,5,30,UP,THROUGH,MEDIUM
T0052,T0052,MEMU,3,90,FAST,5,30,DOWN,THROUGH,MEDIUM
T0053,T0053,Local,2,80,NORMAL,15,45,UP,THROUGH,MEDIUM
T0054,T0054,Express,5,120,FAST,1,30,UP,THROUGH,HIGH
T0055,T0055,MEMU,3,90,FAST,5,30,DOWN,THROUGH,MEDIUM
T0056,T0056,Local,2,80,NORMAL,15,45,UP,THROUGH,MEDIUM
T0057,T0057,Local,2,80,NORMAL,15,45,DOWN,THROUGH,MEDIUM
T0058,T0058,MEMU,3,90,FAST,5,30,DOWN,THROUGH,MEDIUM
T0059,T0059,MEMU,3,90,FAST,5,30,UP,THROUGH,MEDIUM
T0060,T0060,Local,2,80,NORMAL,15,45,UP,THROUGH,MEDIUM
T0061,T0061,Local,2,80,NORMAL,15,45,DOWN,THROUGH,MEDIUM
T0062,T0062,Passenger,4,100,NORMAL,3,40,UP,THROUGH,HIGH
T0063,T0063,Local,2,80,NORMAL,15,45,UP,THROUGH,MEDIUM
T0064,T0064,Local,2,80,NORMAL,15,45,UP,THROUGH,MEDIUM
T0065,T0065,Local,2,80,NORMAL,15,45,UP,THROUGH,MEDIUM
T0066,T0066,Local,2,80,NORMAL,15,45,DOWN,THROUGH,MEDIUM
T0067,T0067,Local,2,80,NORMAL,15,45,UP,THROUGH,MEDIUM
T0068,T0068,Passenger,4,100,NORMAL,3,40,UP,THROUGH,HIGH
T0069,T0069,Local,2,80,NORMAL,15,45,DOWN,THROUGH,MEDIUM
T0070,T0070,MEMU,3,90,FAST,5,30,UP,THROUGH,MEDIUM
T0071,T0071,Local,2,80,NORMAL,15,45,UP,THROUGH,MEDIUM
T0072,T0072,Local,2,80,NORMAL,15,45,UP,THROUGH,MEDIUM
T0073,T0073,Local,2,80,NORMAL,15,45,DOWN,THROUGH,MEDIUM
T0074,T0074,Local,2,80,NORMAL,15,45,UP,THROUGH,MEDIUM
T0075,T0075,Local,2,80,NORMAL,15,45,DOWN,THROUGH,MEDIUM
T0076,T0076,MEMU,3,90,FAST,5,30,DOWN,THROUGH,MEDIUM
T0077,T0077,MEMU,3,90,FAST,5,30,DOWN,THROUGH,MEDIUM
T0078,T0078,Local,2,80,NORMAL,15,45,DOWN,THROUGH,MEDIUM
T0079,T0079,Local,2,80,NORMAL,15,45,DOWN,THROUGH,MEDIUM
T0080,T0080,Passenger,4,100,NORMAL,3,40,DOWN,THROUGH,HIGH
T0081,T0081,Passenger,4,100,NORMAL,3,40,DOWN,THROUGH,HIGH
T0082,T0082,Local,2,80,NORMAL,15,45,DOWN,THROUGH,MEDIUM
T0083,T0083,Local,2,80,NORMAL,15,45,UP,THROUGH,MEDIUM
T0084,T0084,MEMU,3,90,FAST,5,30,UP,THROUGH,MEDIUM
T0085,T0085,Passenger,4,100,NORMAL,3,40,UP,THROUGH,HIGH
T0086,T0086,Local,2,80,NORMAL,15,45,DOWN,THROUGH,MEDIUM
T0087,T0087,Local,2,80,NORMAL,15,45,UP,THROUGH,MEDIUM
T0088,T0088,Local,2,80,NORMAL,15,45,UP,THROUGH,MEDIUM
T0089,T0089,Local,2,80,NORMAL,15,45,DOWN,THROUGH,MEDIUM
T0090,T0090,Local,2,80,NORMAL,15,45,UP,THROUGH,MEDIUM
T0091,T0091,Local,2,80,NORMAL,15,45,DOWN,THROUGH,MEDIUM
T0092,T0092,Local,2,80,NORMAL,15,45,DOWN,THROUGH,MEDIUM
T0093,T0093,Local,2,80,NORMAL,15,45,UP,THROUGH,MEDIUM
T0094,T0094,Local,2,80,NORMAL,15,45,DOWN,THROUGH,MEDIUM
T0095,T0095,Local,2,80,NORMAL,15,45,DOWN,THROUGH,MEDIUM
T0096,T0096,MEMU,3,90,FAST,5,30,UP,THROUGH,MEDIUM
T0097,T0097,Local,2,80,NORMAL,15,45,UP,THROUGH,MEDIUM
T0098,T0098,Local,2,80,NORMAL,15,45,DOWN,THROUGH,MEDIUM
T0099,T0099,Local,2,80,NORMAL,15,45,DOWN,THROUGH,MEDIUM
T0100,T0100,Local,2,80,NORMAL,15,45,DOWN,THROUGH,MEDIUM
T0101,T0101,Express,5,120,FAST,1,30,UP,THROUGH,HIGH
T0102,T0102,MEMU,3,90,FAST,5,30,UP,THROUGH,MEDIUM
T0103,T0103,Local,2,80,NORMAL,15,45,DOWN,THROUGH,MEDIUM
T0104,T0104,Local,2,80,NORMAL,15,45,UP,THROUGH,MEDIUM
T0105,T0105,MEMU,3,90,FAST,5,30,UP,THROUGH,MEDIUM
T0106,T0106,Local,2,80,NORMAL,15,45,UP,THROUGH,MEDIUM
T0107,T0107,MEMU,3,90,FAST,5,30,DOWN,THROUGH,MEDIUM
T0108,T0108,Local,2,80,NORMAL,15,45,DOWN,THROUGH,MEDIUM
T0109,T0109,MEMU,3,90,FAST,5,30,UP,THROUGH,MEDIUM
T0110,T0110,Passenger,4,100,NORMAL,3,40,DOWN,THROUGH,HIGH
T0111,T0111,Passenger,4,100,NORMAL,3,40,DOWN,THROUGH,HIGH
T0112,T0112,Local,2,80,NORMAL,15,45,DOWN,THROUGH,MEDIUM
T0113,T0113,Local,2,80,NORMAL,15,45,DOWN,THROUGH,MEDIUM
T0114,T0114,Local,2,80,NORMAL,15,45,DOWN,THROUGH,MEDIUM
T0115,T0115,Local,2,80,NORMAL,15,45,UP,THROUGH,MEDIUM
T0116,T0116,Passenger,4,100,NORMAL,3,40,DOWN,THROUGH,HIGH
T0117,T0117,MEMU,3,90,FAST,5,30,DOWN,THROUGH,MEDIUM
T0118,T0118,Express,5,120,FAST,1,30,DOWN,THROUGH,HIGH
T0119,T0119,Local,2,80,NORMAL,15,45,DOWN,THROUGH,MEDIUM
T0120,T0120,Passenger,4,100,NORMAL,3,40,UP,THROUGH,HIGH
T0121,T0121,Local,2,80,NORMAL,15,45,UP,THROUGH,MEDIUM
T0122,T0122,Local,2,80,NORMAL,15,45,UP,THROUGH,MEDIUM
T0123,T0123,Passenger,4,100,NORMAL,3,40,UP,THROUGH,HIGH
T0124,T0124,Local,2,80,NORMAL,15,45,DOWN,THROUGH,MEDIUM
T0125,T0125,Passenger,4,100,NORMAL,3,40,UP,THROUGH,HIGH
T0126,T0126,Local,2,80,NORMAL,15,45,UP,THROUGH,MEDIUM
T0127,T0127,Local,2,80,NORMAL,15,45,DOWN,THROUGH,MEDIUM
T0128,T0128,Express,5,120,FAST,1,30,UP,THROUGH,HIGH
T0129,T0129,Express,5,120,FAST,1,30,UP,THROUGH,HIGH
T0130,T0130,Local,2,80,NORMAL,15,45,UP,THROUGH,MEDIUM
T0131,T0131,Local,2,80,NORMAL,15,45,DOWN,THROUGH,MEDIUM
T0132,T0132,Passenger,4,100,NORMAL,3,40,DOWN,THROUGH,HIGH
T0133,T0133,Passenger,4,100,NORMAL,3,40,DOWN,THROUGH,HIGH
T0134,T0134,Passenger,4,100,NORMAL,3,40,DOWN,THROUGH,HIGH
T0135,T0135,Local,2,80,NORMAL,15,45,DOWN,THROUGH,MEDIUM
T0136,T0136,Passenger,4,100,NORMAL,3,40,DOWN,THROUGH,HIGH
T0137,T0137,MEMU,3,90,FAST,5,30,UP,THROUGH,MEDIUM
T0138,T0138,Local,2,80,NORMAL,15,45,UP,THROUGH,MEDIUM
T0139,T0139,MEMU,3,90,FAST,5,30,UP,THROUGH,MEDIUM
T0140,T0140,Local,2,80,NORMAL,15,45,DOWN,THROUGH,MEDIUM
T0141,T0141,Local,2,80,NORMAL,15,45,DOWN,THROUGH,MEDIUM
T0142,T0142,Local,2,80,NORMAL,15,45,UP,THROUGH,MEDIUM
T0143,T0143,Local,2,80,NORMAL,15,45,UP,THROUGH,MEDIUM
T0144,T0144,Local,2,80,NORMAL,15,45,DOWN,THROUGH,MEDIUM
T0145,T0145,Local,2,80,NORMAL,15,45,DOWN,THROUGH,MEDIUM
T0146,T0146,Local,2,80,NORMAL,15,45,DOWN,THROUGH,MEDIUM
T0147,T0147,Passenger,4,100,NORMAL,3,40,UP,THROUGH,HIGH
T0148,T0148,Local,2,80,NORMAL,15,45,DOWN,THROUGH,MEDIUM
T0149,T0149,Local,2,80,NORMAL,15,45,UP,THROUGH,MEDIUM
T0150,T0150,MEMU,3,90,FAST,5,30,DOWN,THROUGH,MEDIUM
T0151,T0151,Local,2,80,NORMAL,15,45,DOWN,THROUGH,MEDIUM
T0152,T0152,Express,5,120,FAST,1,30,UP,THROUGH,HIGH
T0153,T0153,Passenger,4,100,NORMAL,3,40,UP,THROUGH,HIGH
T0154,T0154,Local,2,80,NORMAL,15,45,UP,THROUGH,MEDIUM
T0155,T0155,Local,2,80,NORMAL,15,45,DOWN,THROUGH,MEDIUM
T0156,T0156,MEMU,3,90,FAST,5,30,UP,THROUGH,MEDIUM
T0157,T0157,Local,2,80,NORMAL,15,45,UP,THROUGH,MEDIUM
T0158,T0158,Local,2,80,NORMAL,15,45,DOWN,THROUGH,MEDIUM
T0159,T0159,Local,2,80,NORMAL,15,45,UP,THROUGH,MEDIUM
T0160,T0160,Local,2,80,NORMAL,15,45,DOWN,THROUGH,MEDIUM
T0161,T0161,Express,5,120,FAST,1,30,UP,THROUGH,HIGH
T0162,T0162,Local,2,80,NORMAL,15,45,DOWN,THROUGH,MEDIUM
T0163,T0163,Local,2,80,NORMAL,15,45,UP,THROUGH,MEDIUM
T0164,T0164,Express,5,120,FAST,1,30,UP,THROUGH,HIGH
T0165,T0165,Local,2,80,NORMAL,15,45,UP,THROUGH,MEDIUM
T0166,T0166,Local,2,80,NORMAL,15,45,DOWN,THROUGH,MEDIUM
T0167,T0167,Passenger,4,100,NORMAL,3,40,UP,THROUGH,HIGH
T0168,T0168,Local,2,80,NORMAL,15,45,DOWN,THROUGH,MEDIUM
T0169,T0169,Passenger,4,100,NORMAL,3,40,DOWN,THROUGH,HIGH
T0170,T0170,Local,2,80,NORMAL,15,45,DOWN,THROUGH,MEDIUM
T0171,T0171,Local,2,80,NORMAL,15,45,UP,THROUGH,MEDIUM
T0172,T0172,Passenger,4,100,NORMAL,3,40,UP,THROUGH,HIGH
T0173,T0173,Local,2,80,NORMAL,15,45,DOWN,THROUGH,MEDIUM
T0174,T0174,Local,2,80,NORMAL,15,45,UP,THROUGH,MEDIUM
T0175,T0175,Express,5,120,FAST,1,30,DOWN,THROUGH,HIGH
T0176,T0176,Local,2,80,NORMAL,15,45,DOWN,THROUGH,MEDIUM
T0177,T0177,Passenger,4,100,NORMAL,3,40,UP,THROUGH,HIGH
T0178,T0178,Passenger,4,100,NORMAL,3,40,UP,THROUGH,HIGH
T0179,T0179,MEMU,3,90,FAST,5,30,DOWN,THROUGH,MEDIUM
T0180,T0180,Local,2,80,NORMAL,15,45,DOWN,THROUGH,MEDIUM
T0181,T0181,Passenger,4,100,NORMAL,3,40,UP,THROUGH,HIGH
T0182,T0182,Local,2,80,NORMAL,15,45,DOWN,THROUGH,MEDIUM
T0183,T0183,Express,5,120,FAST,1,30,DOWN,THROUGH,HIGH
T0184,T0184,Local,2,80,NORMAL,15,45,DOWN,THROUGH,MEDIUM
T0185,T0185,Passenger,4,100,NORMAL,3,40,UP,THROUGH,HIGH
T0186,T0186,Local,2,80,NORMAL,15,45,DOWN,THROUGH,MEDIUM
T0187,T0187,Passenger,4,100,NORMAL,3,40,DOWN,THROUGH,HIGH
T0188,T0188,Passenger,4,100,NORMAL,3,40,UP,THROUGH,HIGH
T0189,T0189,Local,2,80,NORMAL,15,45,DOWN,THROUGH,MEDIUM
T0190,T0190,Local,2,80,NORMAL,15,45,UP,THROUGH,MEDIUM
T0191,T0191,Local,2,80,NORMAL,15,45,UP,THROUGH,MEDIUM
T0192,T0192,Local,2,80,NORMAL,15,45,DOWN,THROUGH,MEDIUM
T0193,T0193,Local,2,80,NORMAL,15,45,DOWN,THROUGH,MEDIUM
T0194,T0194,Passenger,4,100,NORMAL,3,40,UP,THROUGH,HIGH
T0195,T0195,Local,2,80,NORMAL,15,45,DOWN,THROUGH,MEDIUM
T0196,T0196,Local,2,80,NORMAL,15,45,UP,THROUGH,MEDIUM
T0197,T0197,Local,2,80,NORMAL,15,45,UP,THROUGH,MEDIUM
T0198,T0198,Passenger,4,100,NORMAL,3,40,DOWN,THROUGH,HIGH
T0199,T0199,Local,2,80,NORMAL,15,45,UP,THROUGH,MEDIUM
T0200,T0200,Local,2,80,NORMAL,15,45,DOWN,THROUGH,MEDIUM
T0201,T0201,Local,2,80,NORMAL,15,45,DOWN,THROUGH,MEDIUM
T0202,T0202,Local,2,80,NORMAL,15,45,UP,THROUGH,MEDIUM
T0203,T0203,MEMU,3,90,FAST,5,30,DOWN,THROUGH,MEDIUM
T0204,T0204,Local,2,80,NORMAL,15,45,DOWN,THROUGH,MEDIUM
T0205,T0205,Local,2,80,NORMAL,15,45,DOWN,THROUGH,MEDIUM
T0206,T0206,Local,2,80,NORMAL,15,45,DOWN,THROUGH,MEDIUM
T0207,T0207,Local,2,80,NORMAL,15,45,DOWN,THROUGH,MEDIUM
T0208,T0208,MEMU,3,90,FAST,5,30,DOWN,THROUGH,MEDIUM
T0209,T0209,Local,2,80,NORMAL,15,45,UP,THROUGH,MEDIUM
T0210,T0210,Local,2,80,NORMAL,15,45,UP,THROUGH,MEDIUM
T0211,T0211,MEMU,3,90,FAST,5,30,UP,THROUGH,MEDIUM
T0212,T0212,Local,2,80,NORMAL,15,45,DOWN,THROUGH,MEDIUM
T0213,T0213,Local,2,80,NORMAL,15,45,DOWN,THROUGH,MEDIUM
T0214,T0214,Local,2,80,NORMAL,15,45,DOWN,THROUGH,MEDIUM
T0215,T0215,MEMU,3,90,FAST,5,30,DOWN,THROUGH,MEDIUM
T0216,T0216,Express,5,120,FAST,1,30,UP,THROUGH,HIGH
T0217,T0217,Express,5,120,FAST,1,30,UP,THROUGH,HIGH
T0218,T0218,MEMU,3,90,FAST,5,30,UP,THROUGH,MEDIUM
T0219,T0219,MEMU,3,90,FAST,5,30,UP,THROUGH,MEDIUM
T0220,T0220,Local,2,80,NORMAL,15,45,DOWN,THROUGH,MEDIUM
T0221,T0221,Local,2,80,NORMAL,15,45,UP,THROUGH,MEDIUM
T0222,T0222,Local,2,80,NORMAL,15,45,UP,THROUGH,MEDIUM
T0223,T0223,Local,2,80,NORMAL,15,45,UP,THROUGH,MEDIUM
T0224,T0224,Local,2,80,NORMAL,15,45,DOWN,THROUGH,MEDIUM
T0225,T0225,Passenger,4,100,NORMAL,3,40,DOWN,THROUGH,HIGH
T0226,T0226,Local,2,80,NORMAL,15,45,DOWN,THROUGH,MEDIUM
T0227,T0227,Local,2,80,NORMAL,15,45,DOWN,THROUGH,MEDIUM
T0228,T0228,Passenger,4,100,NORMAL,3,40,DOWN,THROUGH,HIGH
T0229,T0229,Local,2,80,NORMAL,15,45,DOWN,THROUGH,MEDIUM
T0230,T0230,MEMU,3,90,FAST,5,30,DOWN,THROUGH,MEDIUM
T0231,T0231,MEMU,3,90,FAST,5,30,UP,THROUGH,MEDIUM
T0232,T0232,Passenger,4,100,NORMAL,3,40,DOWN,THROUGH,HIGH
T0233,T0233,Local,2,80,NORMAL,15,45,DOWN,THROUGH,MEDIUM
T0234,T0234,Express,5,120,FAST,1,30,DOWN,THROUGH,HIGH
T0235,T0235,Passenger,4,100,NORMAL,3,40,UP,THROUGH,HIGH
T0236,T0236,MEMU,3,90,FAST,5,30,DOWN,THROUGH,MEDIUM
T0237,T0237,Local,2,80,NORMAL,15,45,UP,THROUGH,MEDIUM
T0238,T0238,Express,5,120,FAST,1,30,DOWN,THROUGH,HIGH
T0239,T0239,Local,2,80,NORMAL,15,45,UP,THROUGH,MEDIUM
T0240,T0240,Passenger,4,100,NORMAL,3,40,DOWN,THROUGH,HIGH
T0241,T0241,Local,2,80,NORMAL,15,45,DOWN,THROUGH,MEDIUM
T0242,T0242,Local,2,80,NORMAL,15,45,UP,THROUGH,MEDIUM
T0243,T0243,Local,2,80,NORMAL,15,45,UP,THROUGH,MEDIUM
T0244,T0244,MEMU,3,90,FAST,5,30,UP,THROUGH,MEDIUM
T0245,T0245,Express,5,120,FAST,1,30,DOWN,THROUGH,HIGH
T0246,T0246,Local,2,80,NORMAL,15,45,UP,THROUGH,MEDIUM
T0247,T0247,Local,2,80,NORMAL,15,45,UP,THROUGH,MEDIUM
T0248,T0248,Local,2,80,NORMAL,15,45,UP,THROUGH,MEDIUM
T0249,T0249,Local,2,80,NORMAL,15,45,UP,THROUGH,MEDIUM
T0250,T0250,Local,2,80,NORMAL,15,45,DOWN,THROUGH,MEDIUM
T0251,T0251,Local,2,80,NORMAL,15,45,DOWN,THROUGH,MEDIUM
T0252,T0252,MEMU,3,90,FAST,5,30,DOWN,THROUGH,MEDIUM
T0253,T0253,Passenger,4,100,NORMAL,3,40,UP,THROUGH,HIGH
T0254,T0254,Local,2,80,NORMAL,15,45,DOWN,THROUGH,MEDIUM
T0255,T0255,MEMU,3,90,FAST,5,30,UP,THROUGH,MEDIUM
T0256,T0256,Express,5,120,FAST,1,30,DOWN,THROUGH,HIGH
T0257,T0257,MEMU,3,90,FAST,5,30,UP,THROUGH,MEDIUM
T0258,T0258,Express,5,120,FAST,1,30,DOWN,THROUGH,HIGH
T0259,T0259,Local,2,80,NORMAL,15,45,UP,THROUGH,MEDIUM
T0260,T0260,Local,2,80,NORMAL,15,45,UP,THROUGH,MEDIUM
T0261,T0261,Express,5,120,FAST,1,30,DOWN,THROUGH,HIGH
T0262,T0262,Local,2,80,NORMAL,15,45,UP,THROUGH,MEDIUM
T0263,T0263,Passenger,4,100,NORMAL,3,40,DOWN,THROUGH,HIGH
T0264,T0264,Passenger,4,100,NORMAL,3,40,DOWN,THROUGH,HIGH
T0265,T0265,Passenger,4,100,NORMAL,3,40,UP,THROUGH,HIGH
T0266,T0266,MEMU,3,90,FAST,5,30,UP,THROUGH,MEDIUM
T0267,T0267,Passenger,4,100,NORMAL,3,40,UP,THROUGH,HIGH
T0268,T0268,Local,2,80,NORMAL,15,45,UP,THROUGH,MEDIUM
T0269,T0269,Local,2,80,NORMAL,15,45,DOWN,THROUGH,MEDIUM
T0270,T0270,Local,2,80,NORMAL,15,45,UP,THROUGH,MEDIUM
T0271,T0271,Passenger,4,100,NORMAL,3,40,UP,THROUGH,HIGH
T0272,T0272,Local,2,80,NORMAL,15,45,UP,THROUGH,MEDIUM
T0273,T0273,Express,5,120,FAST,1,30,DOWN,THROUGH,HIGH
T0274,T0274,Local,2,80,NORMAL,15,45,DOWN,THROUGH,MEDIUM
T0275,T0275,Express,5,120,FAST,1,30,DOWN,THROUGH,HIGH
T0276,T0276,Local,2,80,NORMAL,15,45,DOWN,THROUGH,MEDIUM
T0277,T0277,MEMU,3,90,FAST,5,30,UP,THROUGH,MEDIUM
T0278,T0278,Local,2,80,NORMAL,15,45,DOWN,THROUGH,MEDIUM
T0279,T0279,Local,2,80,NORMAL,15,45,UP,THROUGH,MEDIUM
T0280,T0280,Local,2,80,NORMAL,15,45,UP,THROUGH,MEDIUM
T0281,T0281,Passenger,4,100,NORMAL,3,40,UP,THROUGH,HIGH
T0282,T0282,Local,2,80,NORMAL,15,45,UP,THROUGH,MEDIUM
T0283,T0283,Local,2,80,NORMAL,15,45,UP,THROUGH,MEDIUM
T0284,T0284,Express,5,120,FAST,1,30,DOWN,THROUGH,HIGH
T0285,T0285,Local,2,80,NORMAL,15,45,UP,THROUGH,MEDIUM
T0286,T0286,Local,2,80,NORMAL,15,45,UP,THROUGH,MEDIUM
T0287,T0287,Local,2,80,NORMAL,15,45,DOWN,THROUGH,MEDIUM
T0288,T0288,MEMU,3,90,FAST,5,30,DOWN,THROUGH,MEDIUM
T0289,T0289,MEMU,3,90,FAST,5,30,UP,THROUGH,MEDIUM
T0290,T0290,Passenger,4,100,NORMAL,3,40,DOWN,THROUGH,HIGH
T0291,T0291,MEMU,3,90,FAST,5,30,DOWN,THROUGH,MEDIUM
T0292,T0292,Local,2,80,NORMAL,15,45,UP,THROUGH,MEDIUM
T0293,T0293,MEMU,3,90,FAST,5,30,UP,THROUGH,MEDIUM
T0294,T0294,Local,2,80,NORMAL,15,45,DOWN,THROUGH,MEDIUM
T0295,T0295,Express,5,120,FAST,1,30,DOWN,THROUGH,HIGH
T0296,T0296,Passenger,4,100,NORMAL,3,40,DOWN,THROUGH,HIGH
T0297,T0297,Passenger,4,100,NORMAL,3,40,UP,THROUGH,HIGH
T0298,T0298,Express,5,120,FAST,1,30,UP,THROUGH,HIGH
T0299,T0299,Passenger,4,100,NORMAL,3,40,DOWN,THROUGH,HIGH
T0300,T0300,MEMU,3,90,FAST,5,30,UP,THROUGH,MEDIUM
T0301,T0301,Passenger,4,100,NORMAL,3,40,DOWN,THROUGH,HIGH
T0302,T0302,MEMU,3,90,FAST,5,30,DOWN,THROUGH,MEDIUM
T0303,T0303,Express,5,120,FAST,1,30,UP,THROUGH,HIGH
T0304,T0304,Local,2,80,NORMAL,15,45,UP,THROUGH,MEDIUM
T0305,T0305,Local,2,80,NORMAL,15,45,DOWN,THROUGH,MEDIUM
T0306,T0306,Local,2,80,NORMAL,15,45,DOWN,THROUGH,MEDIUM
T0307,T0307,Local,2,80,NORMAL,15,45,UP,THROUGH,MEDIUM
T0308,T0308,Passenger,4,100,NORMAL,3,40,UP,THROUGH,HIGH
T0309,T0309,MEMU,3,90,FAST,5,30,UP,THROUGH,MEDIUM
T0310,T0310,Local,2,80,NORMAL,15,45,UP,THROUGH,MEDIUM
T0311,T0311,Local,2,80,NORMAL,15,45,UP,THROUGH,MEDIUM
T0312,T0312,Local,2,80,NORMAL,15,45,UP,THROUGH,MEDIUM
T0313,T0313,Local,2,80,NORMAL,15,45,DOWN,THROUGH,MEDIUM
T0314,T0314,Passenger,4,100,NORMAL,3,40,UP,THROUGH,HIGH
T0315,T0315,Express,5,120,FAST,1,30,UP,THROUGH,HIGH
T0316,T0316,Local,2,80,NORMAL,15,45,DOWN,THROUGH,MEDIUM
T0317,T0317,Local,2,80,NORMAL,15,45,UP,THROUGH,MEDIUM
T0318,T0318,Express,5,120,FAST,1,30,DOWN,THROUGH,HIGH
T0319,T0319,Local,2,80,NORMAL,15,45,DOWN,THROUGH,MEDIUM
T0320,T0320,Local,2,80,NORMAL,15,45,UP,THROUGH,MEDIUM
T0321,T0321,MEMU,3,90,FAST,5,30,DOWN,THROUGH,MEDIUM
T0322,T0322,Local,2,80,NORMAL,15,45,UP,THROUGH,MEDIUM
T0323,T0323,MEMU,3,90,FAST,5,30,DOWN,THROUGH,MEDIUM
T0324,T0324,Local,2,80,NORMAL,15,45,UP,THROUGH,MEDIUM
T0325,T0325,Local,2,80,NORMAL,15,45,DOWN,THROUGH,MEDIUM
T0326,T0326,Express,5,120,FAST,1,30,DOWN,THROUGH,HIGH
T0327,T0327,Passenger,4,100,NORMAL,3,40,DOWN,THROUGH,HIGH
T0328,T0328,Local,2,80,NORMAL,15,45,UP,THROUGH,MEDIUM
T0329,T0329,Local,2,80,NORMAL,15,45,DOWN,THROUGH,MEDIUM
T0330,T0330,MEMU,3,90,FAST,5,30,DOWN,THROUGH,MEDIUM
T0331,T0331,Local,2,80,NORMAL,15,45,DOWN,THROUGH,MEDIUM
T0332,T0332,Local,2,80,NORMAL,15,45,UP,THROUGH,MEDIUM
T0333,T0333,Express,5,120,FAST,1,30,DOWN,THROUGH,HIGH
T0334,T0334,Local,2,80,NORMAL,15,45,UP,THROUGH,MEDIUM
T0335,T0335,Local,2,80,NORMAL,15,45,UP,THROUGH,MEDIUM
T0336,T0336,Local,2,80,NORMAL,15,45,UP,THROUGH,MEDIUM
T0337,T0337,MEMU,3,90,FAST,5,30,UP,THROUGH,MEDIUM
T0338,T0338,Local,2,80,NORMAL,15,45,UP,THROUGH,MEDIUM
T0339,T0339,Passenger,4,100,NORMAL,3,40,DOWN,THROUGH,HIGH
T0340,T0340,Local,2,80,NORMAL,15,45,UP,THROUGH,MEDIUM
T0341,T0341,MEMU,3,90,FAST,5,30,DOWN,THROUGH,MEDIUM
T0342,T0342,Local,2,80,NORMAL,15,45,DOWN,THROUGH,MEDIUM
T0343,T0343,Passenger,4,100,NORMAL,3,40,UP,THROUGH,HIGH
T0344,T0344,Local,2,80,NORMAL,15,45,DOWN,THROUGH,MEDIUM
T0345,T0345,Local,2,80,NORMAL,15,45,UP,THROUGH,MEDIUM
T0346,T0346,Local,2,80,NORMAL,15,45,UP,THROUGH,MEDIUM
T0347,T0347,Local,2,80,NORMAL,15,45,UP,THROUGH,MEDIUM
T0348,T0348,MEMU,3,90,FAST,5,30,UP,THROUGH,MEDIUM
T0349,T0349,Express,5,120,FAST,1,30,UP,THROUGH,HIGH
T0350,T0350,Local,2,80,NORMAL,15,45,UP,THROUGH,MEDIUM
T0351,T0351,Local,2,80,NORMAL,15,45,UP,THROUGH,MEDIUM
T0352,T0352,Local,2,80,NORMAL,15,45,UP,THROUGH,MEDIUM
T0353,T0353,Local,2,80,NORMAL,15,45,DOWN,THROUGH,MEDIUM
T0354,T0354,MEMU,3,90,FAST,5,30,UP,THROUGH,MEDIUM
T0355,T0355,Express,5,120,FAST,1,30,DOWN,THROUGH,HIGH
T0356,T0356,Express,5,120,FAST,1,30,UP,THROUGH,HIGH
T0357,T0357,Passenger,4,100,NORMAL,3,40,UP,THROUGH,HIGH
T0358,T0358,Passenger,4,100,NORMAL,3,40,UP,THROUGH,HIGH
T0359,T0359,Local,2,80,NORMAL,15,45,DOWN,THROUGH,MEDIUM
T0360,T0360,Local,2,80,NORMAL,15,45,UP,THROUGH,MEDIUM
T0361,T0361,Express,5,120,FAST,1,30,UP,THROUGH,HIGH
T0362,T0362,Local,2,80,NORMAL,15,45,UP,THROUGH,MEDIUM
T0363,T0363,MEMU,3,90,FAST,5,30,DOWN,THROUGH,MEDIUM
T0364,T0364,Local,2,80,NORMAL,15,45,UP,THROUGH,MEDIUM
T0365,T0365,Local,2,80,NORMAL,15,45,DOWN,THROUGH,MEDIUM
T0366,T0366,Local,2,80,NORMAL,15,45,DOWN,THROUGH,MEDIUM
T0367,T0367,Passenger,4,100,NORMAL,3,40,UP,THROUGH,HIGH
T0368,T0368,Local,2,80,NORMAL,15,45,UP,THROUGH,MEDIUM
T0369,T0369,Local,2,80,NORMAL,15,45,UP,THROUGH,MEDIUM
T0370,T0370,Local,2,80,NORMAL,15,45,UP,THROUGH,MEDIUM
T0371,T0371,Local,2,80,NORMAL,15,45,DOWN,THROUGH,MEDIUM
T0372,T0372,Local,2,80,NORMAL,15,45,UP,THROUGH,MEDIUM
T0373,T0373,Passenger,4,100,NORMAL,3,40,UP,THROUGH,HIGH
T0374,T0374,MEMU,3,90,FAST,5,30,UP,THROUGH,MEDIUM
T0375,T0375,Local,2,80,NORMAL,15,45,DOWN,THROUGH,MEDIUM
T0376,T0376,MEMU,3,90,FAST,5,30,DOWN,THROUGH,MEDIUM
T0377,T0377,Local,2,80,NORMAL,15,45,DOWN,THROUGH,MEDIUM
T0378,T0378,MEMU,3,90,FAST,5,30,UP,THROUGH,MEDIUM
T0379,T0379,Local,2,80,NORMAL,15,45,UP,THROUGH,MEDIUM
T0380,T0380,MEMU,3,90,FAST,5,30,UP,THROUGH,MEDIUM
T0381,T0381,Local,2,80,NORMAL,15,45,DOWN,THROUGH,MEDIUM
T0382,T0382,Express,5,120,FAST,1,30,DOWN,THROUGH,HIGH
T0383,T0383,MEMU,3,90,FAST,5,30,UP,THROUGH,MEDIUM
T0384,T0384,MEMU,3,90,FAST,5,30,UP,THROUGH,MEDIUM
T0385,T0385,Local,2,80,NORMAL,15,45,DOWN,THROUGH,MEDIUM
T0386,T0386,Passenger,4,100,NORMAL,3,40,UP,THROUGH,HIGH
T0387,T0387,Local,2,80,NORMAL,15,45,DOWN,THROUGH,MEDIUM
T0388,T0388,Local,2,80,NORMAL,15,45,DOWN,THROUGH,MEDIUM
T0389,T0389,Local,2,80,NORMAL,15,45,UP,THROUGH,MEDIUM
T0390,T0390,Local,2,80,NORMAL,15,45,UP,THROUGH,MEDIUM
T0391,T0391,Local,2,80,NORMAL,15,45,UP,THROUGH,MEDIUM
T0392,T0392,Local,2,80,NORMAL,15,45,UP,THROUGH,MEDIUM
T0393,T0393,Local,2,80,NORMAL,15,45,UP,THROUGH,MEDIUM
T0394,T0394,Local,2,80,NORMAL,15,45,DOWN,THROUGH,MEDIUM
T0395,T0395,MEMU,3,90,FAST,5,30,DOWN,THROUGH,MEDIUM
T0396,T0396,MEMU,3,90,FAST,5,30,UP,THROUGH,MEDIUM
T0397,T0397,Passenger,4,100,NORMAL,3,40,UP,THROUGH,HIGH
T0398,T0398,Local,2,80,NORMAL,15,45,DOWN,THROUGH,MEDIUM
T0399,T0399,Local,2,80,NORMAL,15,45,DOWN,THROUGH,MEDIUM
T0400,T0400,Local,2,80,NORMAL,15,45,UP,THROUGH,MEDIUM
T0401,T0401,Local,2,80,NORMAL,15,45,DOWN,THROUGH,MEDIUM
T0402,T0402,Local,2,80,NORMAL,15,45,DOWN,THROUGH,MEDIUM
T0403,T0403,Local,2,80,NORMAL,15,45,UP,THROUGH,MEDIUM
T0404,T0404,Local,2,80,NORMAL,15,45,DOWN,THROUGH,MEDIUM
T0405,T0405,Local,2,80,NORMAL,15,45,DOWN,THROUGH,MEDIUM
T0406,T0406,Local,2,80,NORMAL,15,45,DOWN,THROUGH,MEDIUM
T0407,T0407,MEMU,3,90,FAST,5,30,UP,THROUGH,MEDIUM
T0408,T0408,Local,2,80,NORMAL,15,45,UP,THROUGH,MEDIUM
T0409,T0409,MEMU,3,90,FAST,5,30,UP,THROUGH,MEDIUM
T0410,T0410,Local,2,80,NORMAL,15,45,UP,THROUGH,MEDIUM
T0411,T0411,Express,5,120,FAST,1,30,UP,THROUGH,HIGH
T0412,T0412,Local,2,80,NORMAL,15,45,DOWN,THROUGH,MEDIUM
T0413,T0413,Passenger,4,100,NORMAL,3,40,UP,THROUGH,HIGH
T0414,T0414,Local,2,80,NORMAL,15,45,DOWN,THROUGH,MEDIUM
T0415,T0415,Local,2,80,NORMAL,15,45,UP,THROUGH,MEDIUM
T0416,T0416,Express,5,120,FAST,1,30,DOWN,THROUGH,HIGH
T0417,T0417,MEMU,3,90,FAST,5,30,UP,THROUGH,MEDIUM
T0418,T0418,Local,2,80,NORMAL,15,45,DOWN,THROUGH,MEDIUM
T0419,T0419,MEMU,3,90,FAST,5,30,DOWN,THROUGH,MEDIUM
T0420,T0420,Local,2,80,NORMAL,15,45,UP,THROUGH,MEDIUM
T0421,T0421,MEMU,3,90,FAST,5,30,UP,THROUGH,MEDIUM
T0422,T0422,Passenger,4,100,NORMAL,3,40,UP,THROUGH,HIGH
T0423,T0423,Local,2,80,NORMAL,15,45,UP,THROUGH,MEDIUM
T0424,T0424,Passenger,4,100,NORMAL,3,40,DOWN,THROUGH,HIGH
T0425,T0425,Local,2,80,NORMAL,15,45,UP,THROUGH,MEDIUM
T0426,T0426,Local,2,80,NORMAL,15,45,UP,THROUGH,MEDIUM
T0427,T0427,Local,2,80,NORMAL,15,45,DOWN,THROUGH,MEDIUM
T0428,T0428,Local,2,80,NORMAL,15,45,UP,THROUGH,MEDIUM
T0429,T0429,Local,2,80,NORMAL,15,45,DOWN,THROUGH,MEDIUM
T0430,T0430,Local,2,80,NORMAL,15,45,UP,THROUGH,MEDIUM
T0431,T0431,Passenger,4,100,NORMAL,3,40,DOWN,THROUGH,HIGH
T0432,T0432,Local,2,80,NORMAL,15,45,DOWN,THROUGH,MEDIUM
T0433,T0433,Passenger,4,100,NORMAL,3,40,UP,THROUGH,HIGH
T0434,T0434,Local,2,80,NORMAL,15,45,DOWN,THROUGH,MEDIUM
T0435,T0435,Local,2,80,NORMAL,15,45,DOWN,THROUGH,MEDIUM
T0436,T0436,Local,2,80,NORMAL,15,45,DOWN,THROUGH,MEDIUM
T0437,T0437,Local,2,80,NORMAL,15,45,UP,THROUGH,MEDIUM
T0438,T0438,Local,2,80,NORMAL,15,45,UP,THROUGH,MEDIUM
T0439,T0439,Local,2,80,NORMAL,15,45,DOWN,THROUGH,MEDIUM
T0440,T0440,MEMU,3,90,FAST,5,30,UP,THROUGH,MEDIUM
T0441,T0441,Local,2,80,NORMAL,15,45,UP,THROUGH,MEDIUM
T0442,T0442,Local,2,80,NORMAL,15,45,UP,THROUGH,MEDIUM
T0443,T0443,Local,2,80,NORMAL,15,45,DOWN,THROUGH,MEDIUM
T0444,T0444,Local,2,80,NORMAL,15,45,DOWN,THROUGH,MEDIUM
T0445,T0445,Local,2,80,NORMAL,15,45,DOWN,THROUGH,MEDIUM
T0446,T0446,Passenger,4,100,NORMAL,3,40,DOWN,THROUGH,HIGH
T0447,T0447,Local,2,80,NORMAL,15,45,UP,THROUGH,MEDIUM
T0448,T0448,Local,2,80,NORMAL,15,45,UP,THROUGH,MEDIUM
T0449,T0449,Local,2,80,NORMAL,15,45,UP,THROUGH,MEDIUM
T0450,T0450,Local,2,80,NORMAL,15,45,UP,THROUGH,MEDIUM
T0451,T0451,Express,5,120,FAST,1,30,UP,THROUGH,HIGH
T0452,T0452,Passenger,4,100,NORMAL,3,40,DOWN,THROUGH,HIGH
T0453,T0453,Express,5,120,FAST,1,30,DOWN,THROUGH,HIGH
T0454,T0454,Local,2,80,NORMAL,15,45,DOWN,THROUGH,MEDIUM
T0455,T0455,Local,2,80,NORMAL,15,45,DOWN,THROUGH,MEDIUM
T0456,T0456,MEMU,3,90,FAST,5,30,DOWN,THROUGH,MEDIUM
T0457,T0457,Express,5,120,FAST,1,30,UP,THROUGH,HIGH
T0458,T0458,Local,2,80,NORMAL,15,45,DOWN,THROUGH,MEDIUM
T0459,T0459,Local,2,80,NORMAL,15,45,DOWN,THROUGH,MEDIUM
T0460,T0460,Local,2,80,NORMAL,15,45,DOWN,THROUGH,MEDIUM
T0461,T0461,Local,2,80,NORMAL,15,45,UP,THROUGH,MEDIUM
T0462,T0462,Local,2,80,NORMAL,15,45,DOWN,THROUGH,MEDIUM
T0463,T0463,Local,2,80,NORMAL,15,45,UP,THROUGH,MEDIUM
T0464,T0464,MEMU,3,90,FAST,5,30,DOWN,THROUGH,MEDIUM
T0465,T0465,Local,2,80,NORMAL,15,45,UP,THROUGH,MEDIUM
T0466,T0466,Local,2,80,NORMAL,15,45,UP,THROUGH,MEDIUM
T0467,T0467,Local,2,80,NORMAL,15,45,UP,THROUGH,MEDIUM
T0468,T0468,Local,2,80,NORMAL,15,45,DOWN,THROUGH,MEDIUM
T0469,T0469,Local,2,80,NORMAL,15,45,DOWN,THROUGH,MEDIUM
T0470,T0470,Local,2,80,NORMAL,15,45,DOWN,THROUGH,MEDIUM
T0471,T0471,Express,5,120,FAST,1,30,UP,THROUGH,HIGH
T0472,T0472,MEMU,3,90,FAST,5,30,DOWN,THROUGH,MEDIUM
T0473,T0473,Local,2,80,NORMAL,15,45,UP,THROUGH,MEDIUM
T0474,T0474,Local,2,80,NORMAL,15,45,UP,THROUGH,MEDIUM
T0475,T0475,Local,2,80,NORMAL,15,45,DOWN,THROUGH,MEDIUM
T0476,T0476,MEMU,3,90,FAST,5,30,UP,THROUGH,MEDIUM
T0477,T0477,Local,2,80,NORMAL,15,45,UP,THROUGH,MEDIUM
T0478,T0478,Passenger,4,100,NORMAL,3,40,DOWN,THROUGH,HIGH
T0479,T0479,Express,5,120,FAST,1,30,DOWN,THROUGH,HIGH
T0480,T0480,Express,5,120,FAST,1,30,UP,THROUGH,HIGH
T0481,T0481,Express,5,120,FAST,1,30,DOWN,THROUGH,HIGH
T0482,T0482,Local,2,80,NORMAL,15,45,UP,THROUGH,MEDIUM
T0483,T0483,MEMU,3,90,FAST,5,30,DOWN,THROUGH,MEDIUM
T0484,T0484,Local,2,80,NORMAL,15,45,UP,THROUGH,MEDIUM
T0485,T0485,Local,2,80,NORMAL,15,45,UP,THROUGH,MEDIUM
T0486,T0486,Passenger,4,100,NORMAL,3,40,DOWN,THROUGH,HIGH
T0487,T0487,Local,2,80,NORMAL,15,45,UP,THROUGH,MEDIUM
T0488,T0488,Local,2,80,NORMAL,15,45,UP,THROUGH,MEDIUM
T0489,T0489,MEMU,3,90,FAST,5,30,DOWN,THROUGH,MEDIUM
T0490,T0490,Express,5,120,FAST,1,30,UP,THROUGH,HIGH
T0491,T0491,Passenger,4,100,NORMAL,3,40,UP,THROUGH,HIGH
T0492,T0492,MEMU,3,90,FAST,5,30,DOWN,THROUGH,MEDIUM
T0493,T0493,Local,2,80,NORMAL,15,45,DOWN,THROUGH,MEDIUM
T0494,T0494,Passenger,4,100,NORMAL,3,40,UP,THROUGH,HIGH
T0495,T0495,Local,2,80,NORMAL,15,45,UP,THROUGH,MEDIUM
T0496,T0496,Local,2,80,NORMAL,15,45,UP,THROUGH,MEDIUM
T0497,T0497,Local,2,80,NORMAL,15,45,UP,THROUGH,MEDIUM
T0498,T0498,Local,2,80,NORMAL,15,45,DOWN,THROUGH,MEDIUM
T0499,T0499,Local,2,80,NORMAL,15,45,DOWN,THROUGH,MEDIUM
T0500,T0500,Local,2,80,NORMAL,15,45,UP,THROUGH,MEDIUM
T0501,T0501,Local,2,80,NORMAL,15,45,DOWN,THROUGH,MEDIUM
T0502,T0502,Local,2,80,NORMAL,15,45,UP,THROUGH,MEDIUM
T0503,T0503,Local,2,80,NORMAL,15,45,DOWN,THROUGH,MEDIUM
T0504,T0504,Local,2,80,NORMAL,15,45,UP,THROUGH,MEDIUM
T0505,T0505,MEMU,3,90,FAST,5,30,DOWN,THROUGH,MEDIUM
T0506,T0506,MEMU,3,90,FAST,5,30,UP,THROUGH,MEDIUM
T0507,T0507,Passenger,4,100,NORMAL,3,40,DOWN,THROUGH,HIGH
T0508,T0508,Passenger,4,100,NORMAL,3,40,UP,THROUGH,HIGH
T0509,T0509,Local,2,80,NORMAL,15,45,UP,THROUGH,MEDIUM
T0510,T0510,Local,2,80,NORMAL,15,45,DOWN,THROUGH,MEDIUM
T0511,T0511,Local,2,80,NORMAL,15,45,DOWN,THROUGH,MEDIUM
T0512,T0512,Local,2,80,NORMAL,15,45,DOWN,THROUGH,MEDIUM
T0513,T0513,Local,2,80,NORMAL,15,45,DOWN,THROUGH,MEDIUM
T0514,T0514,Local,2,80,NORMAL,15,45,UP,THROUGH,MEDIUM
T0515,T0515,Passenger,4,100,NORMAL,3,40,DOWN,THROUGH,HIGH
T0516,T0516,MEMU,3,90,FAST,5,30,UP,THROUGH,MEDIUM
T0517,T0517,Passenger,4,100,NORMAL,3,40,UP,THROUGH,HIGH
T0518,T0518,Local,2,80,NORMAL,15,45,DOWN,THROUGH,MEDIUM
T0519,T0519,MEMU,3,90,FAST,5,30,DOWN,THROUGH,MEDIUM
T0520,T0520,Local,2,80,NORMAL,15,45,UP,THROUGH,MEDIUM
T0521,T0521,MEMU,3,90,FAST,5,30,DOWN,THROUGH,MEDIUM
T0522,T0522,MEMU,3,90,FAST,5,30,UP,THROUGH,MEDIUM
T0523,T0523,Local,2,80,NORMAL,15,45,UP,THROUGH,MEDIUM
T0524,T0524,Express,5,120,FAST,1,30,DOWN,THROUGH,HIGH
T0525,T0525,Local,2,80,NORMAL,15,45,DOWN,THROUGH,MEDIUM
T0526,T0526,Local,2,80,NORMAL,15,45,DOWN,THROUGH,MEDIUM
T0527,T0527,Express,5,120,FAST,1,30,DOWN,THROUGH,HIGH
T0528,T0528,Express,5,120,FAST,1,30,DOWN,THROUGH,HIGH
T0529,T0529,Local,2,80,NORMAL,15,45,UP,THROUGH,MEDIUM
T0530,T0530,Local,2,80,NORMAL,15,45,DOWN,THROUGH,MEDIUM
T0531,T0531,Passenger,4,100,NORMAL,3,40,DOWN,THROUGH,HIGH
T0532,T0532,Local,2,80,NORMAL,15,45,DOWN,THROUGH,MEDIUM
T0533,T0533,MEMU,3,90,FAST,5,30,DOWN,THROUGH,MEDIUM
T0534,T0534,Local,2,80,NORMAL,15,45,UP,THROUGH,MEDIUM
T0535,T0535,Local,2,80,NORMAL,15,45,DOWN,THROUGH,MEDIUM
T0536,T0536,Local,2,80,NORMAL,15,45,UP,THROUGH,MEDIUM
T0537,T0537,Local,2,80,NORMAL,15,45,UP,THROUGH,MEDIUM
T0538,T0538,Local,2,80,NORMAL,15,45,UP,THROUGH,MEDIUM
T0539,T0539,Express,5,120,FAST,1,30,UP,THROUGH,HIGH
T0540,T0540,Local,2,80,NORMAL,15,45,UP,THROUGH,MEDIUM
T0541,T0541,Express,5,120,FAST,1,30,DOWN,THROUGH,HIGH
T0542,T0542,Local,2,80,NORMAL,15,45,UP,THROUGH,MEDIUM
T0543,T0543,Express,5,120,FAST,1,30,UP,THROUGH,HIGH
T0544,T0544,Local,2,80,NORMAL,15,45,UP,THROUGH,MEDIUM
T0545,T0545,Local,2,80,NORMAL,15,45,UP,THROUGH,MEDIUM
T0546,T0546,Local,2,80,NORMAL,15,45,UP,THROUGH,MEDIUM
T0547,T0547,Local,2,80,NORMAL,15,45,DOWN,THROUGH,MEDIUM
T0548,T0548,Passenger,4,100,NORMAL,3,40,DOWN,THROUGH,HIGH
T0549,T0549,Local,2,80,NORMAL,15,45,UP,THROUGH,MEDIUM
T0550,T0550,Local,2,80,NORMAL,15,45,DOWN,THROUGH,MEDIUM
T0551,T0551,Express,5,120,FAST,1,30,DOWN,THROUGH,HIGH
T0552,T0552,Local,2,80,NORMAL,15,45,UP,THROUGH,MEDIUM
T0553,T0553,MEMU,3,90,FAST,5,30,UP,THROUGH,MEDIUM
T0554,T0554,Local,2,80,NORMAL,15,45,UP,THROUGH,MEDIUM
T0555,T0555,Local,2,80,NORMAL,15,45,UP,THROUGH,MEDIUM
T0556,T0556,Local,2,80,NORMAL,15,45,UP,THROUGH,MEDIUM
T0557,T0557,Local,2,80,NORMAL,15,45,DOWN,THROUGH,MEDIUM
T0558,T0558,Local,2,80,NORMAL,15,45,UP,THROUGH,MEDIUM
T0559,T0559,Local,2,80,NORMAL,15,45,UP,THROUGH,MEDIUM
T0560,T0560,Local,2,80,NORMAL,15,45,DOWN,THROUGH,MEDIUM
T0561,T0561,Local,2,80,NORMAL,15,45,UP,THROUGH,MEDIUM
T0562,T0562,Local,2,80,NORMAL,15,45,UP,THROUGH,MEDIUM
T0563,T0563,Express,5,120,FAST,1,30,UP,THROUGH,HIGH
T0564,T0564,Local,2,80,NORMAL,15,45,DOWN,THROUGH,MEDIUM
T0565,T0565,Local,2,80,NORMAL,15,45,UP,THROUGH,MEDIUM
T0566,T0566,Local,2,80,NORMAL,15,45,UP,THROUGH,MEDIUM
T0567,T0567,Local,2,80,NORMAL,15,45,UP,THROUGH,MEDIUM
T0568,T0568,Local,2,80,NORMAL,15,45,UP,THROUGH,MEDIUM
T0569,T0569,Local,2,80,NORMAL,15,45,UP,THROUGH,MEDIUM
T0570,T0570,Local,2,80,NORMAL,15,45,DOWN,THROUGH,MEDIUM
T0571,T0571,Local,2,80,NORMAL,15,45,UP,THROUGH,MEDIUM
T0572,T0572,Local,2,80,NORMAL,15,45,DOWN,THROUGH,MEDIUM
T0573,T0573,Local,2,80,NORMAL,15,45,DOWN,THROUGH,MEDIUM
T0574,T0574,Local,2,80,NORMAL,15,45,UP,THROUGH,MEDIUM
T0575,T0575,Local,2,80,NORMAL,15,45,DOWN,THROUGH,MEDIUM
T0576,T0576,Local,2,80,NORMAL,15,45,UP,THROUGH,MEDIUM
T0577,T0577,Local,2,80,NORMAL,15,45,DOWN,THROUGH,MEDIUM
T0578,T0578,Passenger,4,100,NORMAL,3,40,DOWN,THROUGH,HIGH
T0579,T0579,Local,2,80,NORMAL,15,45,UP,THROUGH,MEDIUM
T0580,T0580,Local,2,80,NORMAL,15,45,UP,THROUGH,MEDIUM
T0581,T0581,Local,2,80,NORMAL,15,45,DOWN,THROUGH,MEDIUM
T0582,T0582,Passenger,4,100,NORMAL,3,40,DOWN,THROUGH,HIGH
T0583,T0583,Local,2,80,NORMAL,15,45,UP,THROUGH,MEDIUM
T0584,T0584,Express,5,120,FAST,1,30,DOWN,THROUGH,HIGH
T0585,T0585,MEMU,3,90,FAST,5,30,UP,THROUGH,MEDIUM
T0586,T0586,Local,2,80,NORMAL,15,45,UP,THROUGH,MEDIUM
T0587,T0587,Local,2,80,NORMAL,15,45,DOWN,THROUGH,MEDIUM
T0588,T0588,Local,2,80,NORMAL,15,45,UP,THROUGH,MEDIUM
T0589,T0589,Local,2,80,NORMAL,15,45,DOWN,THROUGH,MEDIUM
T0590,T0590,Local,2,80,NORMAL,15,45,UP,THROUGH,MEDIUM
T0591,T0591,Local,2,80,NORMAL,15,45,UP,THROUGH,MEDIUM
T0592,T0592,Local,2,80,NORMAL,15,45,DOWN,THROUGH,MEDIUM
T0593,T0593,Local,2,80,NORMAL,15,45,DOWN,THROUGH,MEDIUM
T0594,T0594,Express,5,120,FAST,1,30,DOWN,THROUGH,HIGH
T0595,T0595,Passenger,4,100,NORMAL,3,40,UP,THROUGH,HIGH
T0596,T0596,Express,5,120,FAST,1,30,DOWN,THROUGH,HIGH
T0597,T0597,MEMU,3,90,FAST,5,30,UP,THROUGH,MEDIUM
T0598,T0598,Local,2,80,NORMAL,15,45,UP,THROUGH,MEDIUM
T0599,T0599,Passenger,4,100,NORMAL,3,40,UP,THROUGH,HIGH
T0600,T0600,MEMU,3,90,FAST,5,30,UP,THROUGH,MEDIUM
T0601,T0601,Local,2,80,NORMAL,15,45,UP,THROUGH,MEDIUM
T0602,T0602,Local,2,80,NORMAL,15,45,UP,THROUGH,MEDIUM
T0603,T0603,Local,2,80,NORMAL,15,45,DOWN,THROUGH,MEDIUM
T0604,T0604,MEMU,3,90,FAST,5,30,UP,THROUGH,MEDIUM
T0605,T0605,Passenger,4,100,NORMAL,3,40,DOWN,THROUGH,HIGH
T0606,T0606,Local,2,80,NORMAL,15,45,UP,THROUGH,MEDIUM
T0607,T0607,Local,2,80,NORMAL,15,45,UP,THROUGH,MEDIUM
T0608,T0608,Local,2,80,NORMAL,15,45,DOWN,THROUGH,MEDIUM
T0609,T0609,MEMU,3,90,FAST,5,30,DOWN,THROUGH,MEDIUM
T0610,T0610,Passenger,4,100,NORMAL,3,40,UP,THROUGH,HIGH
T0611,T0611,Local,2,80,NORMAL,15,45,DOWN,THROUGH,MEDIUM
T0612,T0612,Local,2,80,NORMAL,15,45,DOWN,THROUGH,MEDIUM
T0613,T0613,Passenger,4,100,NORMAL,3,40,DOWN,THROUGH,HIGH
T0614,T0614,Local,2,80,NORMAL,15,45,DOWN,THROUGH,MEDIUM
T0615,T0615,Local,2,80,NORMAL,15,45,DOWN,THROUGH,MEDIUM
T0616,T0616,Local,2,80,NORMAL,15,45,DOWN,THROUGH,MEDIUM
T0617,T0617,Local,2,80,NORMAL,15,45,UP,THROUGH,MEDIUM
T0618,T0618,Local,2,80,NORMAL,15,45,UP,THROUGH,MEDIUM
T0619,T0619,Local,2,80,NORMAL,15,45,UP,THROUGH,MEDIUM
T0620,T0620,Local,2,80,NORMAL,15,45,UP,THROUGH,MEDIUM
T0621,T0621,Local,2,80,NORMAL,15,45,UP,THROUGH,MEDIUM
T0622,T0622,Local,2,80,NORMAL,15,45,DOWN,THROUGH,MEDIUM
T0623,T0623,Local,2,80,NORMAL,15,45,UP,THROUGH,MEDIUM
T0624,T0624,MEMU,3,90,FAST,5,30,UP,THROUGH,MEDIUM
T0625,T0625,Local,2,80,NORMAL,15,45,DOWN,THROUGH,MEDIUM
T0626,T0626,Local,2,80,NORMAL,15,45,DOWN,THROUGH,MEDIUM
T0627,T0627,Local,2,80,NORMAL,15,45,DOWN,THROUGH,MEDIUM
T0628,T0628,Local,2,80,NORMAL,15,45,UP,THROUGH,MEDIUM
T0629,T0629,MEMU,3,90,FAST,5,30,DOWN,THROUGH,MEDIUM
T0630,T0630,MEMU,3,90,FAST,5,30,UP,THROUGH,MEDIUM
T0631,T0631,Local,2,80,NORMAL,15,45,UP,THROUGH,MEDIUM
T0632,T0632,Local,2,80,NORMAL,15,45,UP,THROUGH,MEDIUM
T0633,T0633,Passenger,4,100,NORMAL,3,40,DOWN,THROUGH,HIGH
T0634,T0634,Local,2,80,NORMAL,15,45,UP,THROUGH,MEDIUM
T0635,T0635,MEMU,3,90,FAST,5,30,UP,THROUGH,MEDIUM
T0636,T0636,Local,2,80,NORMAL,15,45,UP,THROUGH,MEDIUM
T0637,T0637,Local,2,80,NORMAL,15,45,DOWN,THROUGH,MEDIUM
T0638,T0638,Passenger,4,100,NORMAL,3,40,DOWN,THROUGH,HIGH
T0639,T0639,Local,2,80,NORMAL,15,45,DOWN,THROUGH,MEDIUM
T0640,T0640,Express,5,120,FAST,1,30,UP,THROUGH,HIGH
T0641,T0641,Local,2,80,NORMAL,15,45,DOWN,THROUGH,MEDIUM
T0642,T0642,Passenger,4,100,NORMAL,3,40,UP,THROUGH,HIGH
T0643,T0643,Local,2,80,NORMAL,15,45,DOWN,THROUGH,MEDIUM
T0644,T0644,Local,2,80,NORMAL,15,45,DOWN,THROUGH,MEDIUM
T0645,T0645,MEMU,3,90,FAST,5,30,UP,THROUGH,MEDIUM
T0646,T0646,MEMU,3,90,FAST,5,30,DOWN,THROUGH,MEDIUM
T0647,T0647,Local,2,80,NORMAL,15,45,UP,THROUGH,MEDIUM
T0648,T0648,Express,5,120,FAST,1,30,DOWN,THROUGH,HIGH
T0649,T0649,MEMU,3,90,FAST,5,30,UP,THROUGH,MEDIUM
T0650,T0650,Local,2,80,NORMAL,15,45,UP,THROUGH,MEDIUM
T0651,T0651,Local,2,80,NORMAL,15,45,UP,THROUGH,MEDIUM
T0652,T0652,Passenger,4,100,NORMAL,3,40,UP,THROUGH,HIGH
T0653,T0653,Local,2,80,NORMAL,15,45,UP,THROUGH,MEDIUM
T0654,T0654,Local,2,80,NORMAL,15,45,UP,THROUGH,MEDIUM
T0655,T0655,Passenger,4,100,NORMAL,3,40,UP,THROUGH,HIGH
T0656,T0656,Local,2,80,NORMAL,15,45,DOWN,THROUGH,MEDIUM
T0657,T0657,MEMU,3,90,FAST,5,30,UP,THROUGH,MEDIUM
T0658,T0658,MEMU,3,90,FAST,5,30,DOWN,THROUGH,MEDIUM
T0659,T0659,Local,2,80,NORMAL,15,45,UP,THROUGH,MEDIUM
T0660,T0660,Local,2,80,NORMAL,15,45,DOWN,THROUGH,MEDIUM
T0661,T0661,Passenger,4,100,NORMAL,3,40,DOWN,THROUGH,HIGH
T0662,T0662,Express,5,120,FAST,1,30,DOWN,THROUGH,HIGH
T0663,T0663,Local,2,80,NORMAL,15,45,UP,THROUGH,MEDIUM
T0664,T0664,Local,2,80,NORMAL,15,45,UP,THROUGH,MEDIUM
T0665,T0665,Express,5,120,FAST,1,30,UP,THROUGH,HIGH
T0666,T0666,Passenger,4,100,NORMAL,3,40,UP,THROUGH,HIGH
T0667,T0667,Local,2,80,NORMAL,15,45,UP,THROUGH,MEDIUM
T0668,T0668,Local,2,80,NORMAL,15,45,DOWN,THROUGH,MEDIUM
T0669,T0669,Passenger,4,100,NORMAL,3,40,DOWN,THROUGH,HIGH
T0670,T0670,MEMU,3,90,FAST,5,30,UP,THROUGH,MEDIUM
T0671,T0671,MEMU,3,90,FAST,5,30,DOWN,THROUGH,MEDIUM
T0672,T0672,MEMU,3,90,FAST,5,30,DOWN,THROUGH,MEDIUM
T0673,T0673,Local,2,80,NORMAL,15,45,UP,THROUGH,MEDIUM
T0674,T0674,MEMU,3,90,FAST,5,30,UP,THROUGH,MEDIUM
T0675,T0675,Express,5,120,FAST,1,30,UP,THROUGH,HIGH
T0676,T0676,MEMU,3,90,FAST,5,30,DOWN,THROUGH,MEDIUM
T0677,T0677,MEMU,3,90,FAST,5,30,UP,THROUGH,MEDIUM
T0678,T0678,Express,5,120,FAST,1,30,DOWN,THROUGH,HIGH
T0679,T0679,Local,2,80,NORMAL,15,45,DOWN,THROUGH,MEDIUM
T0680,T0680,Local,2,80,NORMAL,15,45,UP,THROUGH,MEDIUM
T0681,T0681,MEMU,3,90,FAST,5,30,UP,THROUGH,MEDIUM
T0682,T0682,Local,2,80,NORMAL,15,45,DOWN,THROUGH,MEDIUM
T0683,T0683,Express,5,120,FAST,1,30,UP,THROUGH,HIGH
T0684,T0684,Passenger,4,100,NORMAL,3,40,UP,THROUGH,HIGH
T0685,T0685,Passenger,4,100,NORMAL,3,40,UP,THROUGH,HIGH
T0686,T0686,Local,2,80,NORMAL,15,45,UP,THROUGH,MEDIUM
T0687,T0687,Passenger,4,100,NORMAL,3,40,UP,THROUGH,HIGH
T0688,T0688,MEMU,3,90,FAST,5,30,DOWN,THROUGH,MEDIUM
T0689,T0689,Local,2,80,NORMAL,15,45,DOWN,THROUGH,MEDIUM
T0690,T0690,Local,2,80,NORMAL,15,45,UP,THROUGH,MEDIUM
T0691,T0691,MEMU,3,90,FAST,5,30,DOWN,THROUGH,MEDIUM
T0692,T0692,Local,2,80,NORMAL,15,45,UP,THROUGH,MEDIUM
T0693,T0693,Local,2,80,NORMAL,15,45,UP,THROUGH,MEDIUM
T0694,T0694,Passenger,4,100,NORMAL,3,40,DOWN,THROUGH,HIGH
T0695,T0695,Passenger,4,100,NORMAL,3,40,UP,THROUGH,HIGH
T0696,T0696,MEMU,3,90,FAST,5,30,UP,THROUGH,MEDIUM
T0697,T0697,Passenger,4,100,NORMAL,3,40,DOWN,THROUGH,HIGH
T0698,T0698,Passenger,4,100,NORMAL,3,40,DOWN,THROUGH,HIGH
T0699,T0699,Local,2,80,NORMAL,15,45,DOWN,THROUGH,MEDIUM
T0700,T0700,Express,5,120,FAST,1,30,UP,THROUGH,HIGH
T0701,T0701,Passenger,4,100,NORMAL,3,40,UP,THROUGH,HIGH
T0702,T0702,Local,2,80,NORMAL,15,45,DOWN,THROUGH,MEDIUM
T0703,T0703,Passenger,4,100,NORMAL,3,40,UP,THROUGH,HIGH
T0704,T0704,Local,2,80,NORMAL,15,45,UP,THROUGH,MEDIUM
T0705,T0705,Passenger,4,100,NORMAL,3,40,UP,THROUGH,HIGH
T0706,T0706,Local,2,80,NORMAL,15,45,DOWN,THROUGH,MEDIUM
T0707,T0707,MEMU,3,90,FAST,5,30,DOWN,THROUGH,MEDIUM
T0708,T0708,Local,2,80,NORMAL,15,45,UP,THROUGH,MEDIUM
T0709,T0709,Passenger,4,100,NORMAL,3,40,UP,THROUGH,HIGH
T0710,T0710,Local,2,80,NORMAL,15,45,DOWN,THROUGH,MEDIUM
T0711,T0711,MEMU,3,90,FAST,5,30,DOWN,THROUGH,MEDIUM
T0712,T0712,Local,2,80,NORMAL,15,45,UP,THROUGH,MEDIUM
T0713,T0713,Local,2,80,NORMAL,15,45,DOWN,THROUGH,MEDIUM
T0714,T0714,Passenger,4,100,NORMAL,3,40,DOWN,THROUGH,HIGH
T0715,T0715,Local,2,80,NORMAL,15,45,UP,THROUGH,MEDIUM
T0716,T0716,Local,2,80,NORMAL,15,45,UP,THROUGH,MEDIUM
T0717,T0717,Express,5,120,FAST,1,30,UP,THROUGH,HIGH
T0718,T0718,Local,2,80,NORMAL,15,45,UP,THROUGH,MEDIUM
T0719,T0719,MEMU,3,90,FAST,5,30,DOWN,THROUGH,MEDIUM
T0720,T0720,Express,5,120,FAST,1,30,UP,THROUGH,HIGH
T0721,T0721,Passenger,4,100,NORMAL,3,40,UP,THROUGH,HIGH
T0722,T0722,Local,2,80,NORMAL,15,45,UP,THROUGH,MEDIUM
T0723,T0723,Passenger,4,100,NORMAL,3,40,DOWN,THROUGH,HIGH
T0724,T0724,MEMU,3,90,FAST,5,30,DOWN,THROUGH,MEDIUM
T0725,T0725,MEMU,3,90,FAST,5,30,UP,THROUGH,MEDIUM
T0726,T0726,MEMU,3,90,FAST,5,30,DOWN,THROUGH,MEDIUM
T0727,T0727,Local,2,80,NORMAL,15,45,DOWN,THROUGH,MEDIUM
T0728,T0728,Passenger,4,100,NORMAL,3,40,DOWN,THROUGH,HIGH
T0729,T0729,MEMU,3,90,FAST,5,30,UP,THROUGH,MEDIUM
T0730,T0730,Local,2,80,NORMAL,15,45,UP,THROUGH,MEDIUM
T0731,T0731,Local,2,80,NORMAL,15,45,DOWN,THROUGH,MEDIUM
T0732,T0732,Local,2,80,NORMAL,15,45,DOWN,THROUGH,MEDIUM
T0733,T0733,Passenger,4,100,NORMAL,3,40,DOWN,THROUGH,HIGH
T0734,T0734,Passenger,4,100,NORMAL,3,40,DOWN,THROUGH,HIGH
T0735,T0735,Express,5,120,FAST,1,30,UP,THROUGH,HIGH
T0736,T0736,Local,2,80,NORMAL,15,45,DOWN,THROUGH,MEDIUM
T0737,T0737,Express,5,120,FAST,1,30,UP,THROUGH,HIGH
T0738,T0738,Local,2,80,NORMAL,15,45,UP,THROUGH,MEDIUM
T0739,T0739,Passenger,4,100,NORMAL,3,40,DOWN,THROUGH,HIGH
T0740,T0740,Express,5,120,FAST,1,30,UP,THROUGH,HIGH
T0741,T0741,Passenger,4,100,NORMAL,3,40,DOWN,THROUGH,HIGH
T0742,T0742,MEMU,3,90,FAST,5,30,UP,THROUGH,MEDIUM
T0743,T0743,Local,2,80,NORMAL,15,45,UP,THROUGH,MEDIUM
T0744,T0744,Passenger,4,100,NORMAL,3,40,UP,THROUGH,HIGH
T0745,T0745,Local,2,80,NORMAL,15,45,UP,THROUGH,MEDIUM
T0746,T0746,Local,2,80,NORMAL,15,45,UP,THROUGH,MEDIUM
T0747,T0747,Local,2,80,NORMAL,15,45,UP,THROUGH,MEDIUM
T0748,T0748,Local,2,80,NORMAL,15,45,DOWN,THROUGH,MEDIUM
T0749,T0749,Passenger,4,100,NORMAL,3,40,UP,THROUGH,HIGH
T0750,T0750,Local,2,80,NORMAL,15,45,UP,THROUGH,MEDIUM
T0751,T0751,Local,2,80,NORMAL,15,45,UP,THROUGH,MEDIUM
T0752,T0752,Local,2,80,NORMAL,15,45,DOWN,THROUGH,MEDIUM
T0753,T0753,Local,2,80,NORMAL,15,45,DOWN,THROUGH,MEDIUM
T0754,T0754,MEMU,3,90,FAST,5,30,DOWN,THROUGH,MEDIUM
T0755,T0755,Local,2,80,NORMAL,15,45,DOWN,THROUGH,MEDIUM
T0756,T0756,Express,5,120,FAST,1,30,DOWN,THROUGH,HIGH
T0757,T0757,MEMU,3,90,FAST,5,30,UP,THROUGH,MEDIUM
T0758,T0758,Express,5,120,FAST,1,30,DOWN,THROUGH,HIGH
T0759,T0759,Local,2,80,NORMAL,15,45,DOWN,THROUGH,MEDIUM
T0760,T0760,Local,2,80,NORMAL,15,45,UP,THROUGH,MEDIUM
T0761,T0761,Passenger,4,100,NORMAL,3,40,DOWN,THROUGH,HIGH
T0762,T0762,MEMU,3,90,FAST,5,30,DOWN,THROUGH,MEDIUM
T0763,T0763,Local,2,80,NORMAL,15,45,UP,THROUGH,MEDIUM
T0764,T0764,MEMU,3,90,FAST,5,30,DOWN,THROUGH,MEDIUM
T0765,T0765,Passenger,4,100,NORMAL,3,40,DOWN,THROUGH,HIGH
T0766,T0766,Local,2,80,NORMAL,15,45,UP,THROUGH,MEDIUM
T0767,T0767,Passenger,4,100,NORMAL,3,40,UP,THROUGH,HIGH
T0768,T0768,Local,2,80,NORMAL,15,45,UP,THROUGH,MEDIUM
T0769,T0769,MEMU,3,90,FAST,5,30,DOWN,THROUGH,MEDIUM
T0770,T0770,Local,2,80,NORMAL,15,45,UP,THROUGH,MEDIUM
T0771,T0771,Passenger,4,100,NORMAL,3,40,UP,THROUGH,HIGH
T0772,T0772,Passenger,4,100,NORMAL,3,40,UP,THROUGH,HIGH
T0773,T0773,Passenger,4,100,NORMAL,3,40,UP,THROUGH,HIGH
T0774,T0774,Passenger,4,100,NORMAL,3,40,DOWN,THROUGH,HIGH
T0775,T0775,Local,2,80,NORMAL,15,45,UP,THROUGH,MEDIUM
T0776,T0776,Local,2,80,NORMAL,15,45,UP,THROUGH,MEDIUM
T0777,T0777,Local,2,80,NORMAL,15,45,DOWN,THROUGH,MEDIUM
T0778,T0778,Local,2,80,NORMAL,15,45,UP,THROUGH,MEDIUM
T0779,T0779,Local,2,80,NORMAL,15,45,UP,THROUGH,MEDIUM
T0780,T0780,Local,2,80,NORMAL,15,45,UP,THROUGH,MEDIUM
T0781,T0781,MEMU,3,90,FAST,5,30,UP,THROUGH,MEDIUM
T0782,T0782,Local,2,80,NORMAL,15,45,DOWN,THROUGH,MEDIUM
T0783,T0783,Local,2,80,NORMAL,15,45,DOWN,THROUGH,MEDIUM
T0784,T0784,Local,2,80,NORMAL,15,45,UP,THROUGH,MEDIUM
T0785,T0785,Passenger,4,100,NORMAL,3,40,DOWN,THROUGH,HIGH
T0786,T0786,Local,2,80,NORMAL,15,45,UP,THROUGH,MEDIUM
T0787,T0787,Local,2,80,NORMAL,15,45,DOWN,THROUGH,MEDIUM
T0788,T0788,Passenger,4,100,NORMAL,3,40,DOWN,THROUGH,HIGH
T0789,T0789,MEMU,3,90,FAST,5,30,DOWN,THROUGH,MEDIUM
T0790,T0790,Passenger,4,100,NORMAL,3,40,DOWN,THROUGH,HIGH
T0791,T0791,Express,5,120,FAST,1,30,DOWN,THROUGH,HIGH
T0792,T0792,Passenger,4,100,NORMAL,3,40,DOWN,THROUGH,HIGH
T0793,T0793,Local,2,80,NORMAL,15,45,UP,THROUGH,MEDIUM
T0794,T0794,Passenger,4,100,NORMAL,3,40,UP,THROUGH,HIGH
T0795,T0795,Local,2,80,NORMAL,15,45,UP,THROUGH,MEDIUM
T0796,T0796,Local,2,80,NORMAL,15,45,DOWN,THROUGH,MEDIUM
T0797,T0797,Local,2,80,NORMAL,15,45,DOWN,THROUGH,MEDIUM
T0798,T0798,Express,5,120,FAST,1,30,UP,THROUGH,HIGH
T0799,T0799,Express,5,120,FAST,1,30,DOWN,THROUGH,HIGH
T0800,T0800,MEMU,3,90,FAST,5,30,DOWN,THROUGH,MEDIUM
T0801,T0801,Passenger,4,100,NORMAL,3,40,UP,THROUGH,HIGH
T0802,T0802,Local,2,80,NORMAL,15,45,UP,THROUGH,MEDIUM
T0803,T0803,Local,2,80,NORMAL,15,45,UP,THROUGH,MEDIUM
T0804,T0804,Passenger,4,100,NORMAL,3,40,UP,THROUGH,HIGH
T0805,T0805,MEMU,3,90,FAST,5,30,DOWN,THROUGH,MEDIUM
T0806,T0806,Local,2,80,NORMAL,15,45,DOWN,THROUGH,MEDIUM
T0807,T0807,Express,5,120,FAST,1,30,UP,THROUGH,HIGH
T0808,T0808,Local,2,80,NORMAL,15,45,UP,THROUGH,MEDIUM
T0809,T0809,Local,2,80,NORMAL,15,45,UP,THROUGH,MEDIUM
T0810,T0810,Passenger,4,100,NORMAL,3,40,UP,THROUGH,HIGH
T0811,T0811,Local,2,80,NORMAL,15,45,DOWN,THROUGH,MEDIUM
T0812,T0812,Passenger,4,100,NORMAL,3,40,DOWN,THROUGH,HIGH
